<?xml version="1.0" encoding="UTF-8"?>
<addon id="repo.TWTUTORIAIS" name="-[B][COLOR white].[/COLOR][COLOR mediumblue]MEGA[/COLOR][COLOR lime] REPO[/COLOR][COLOR yellow] TWTutoriais[/B][/COLOR]-" version="7.0" provider-name="[B][COLOR lime]TWTutoriais - YES, I'M THE BEST[/COLOR][/B]">
<extension point="xbmc.addon.repository" name="[COLOR yellow]Repositorio TWTutoriais[/COLOR]">
		<dir>
			<info compressed="false">https://raw.githubusercontent.com/BUILDTONYWARLLEY/REPOTWTUTORIAIS/master/addons.xml</info>
			<checksum>https://raw.githubusercontent.com/BUILDTONYWARLLEY/REPOTWTUTORIAIS/master/addons.xml.md5</checksum>
			<datadir zip="false">https://github.com/BUILDTONYWARLLEY/REPOTWTUTORIAIS/tree/master/Plugins/</datadir>
		</dir>


	</extension>
	<extension point="xbmc.addon.metadata">
		<summary>Repositorio MEGAREPO TWTutoriais</summary>
		<description>[COLOR mediumblue]Add-on INSTALADO VIA REPO MEGAREPO TWTUTORIAIS, não baixe Add-ons que não sejam Oficial, Add-ons Oficiais somente na MEGAREPO.[/COLOR]
[COLOR lime][B]Repositório MEGAREPO TWTutoriais - Proibida Cópia e Reprodução sem Autorização.[/B][/COLOR]

[COLOR yellow]Que DÓ das formiguinhas...kkk
Nunca Serão, Jamais Serão![/COLOR]
		</description>
		<platform>all</platform>
		<assets>
			<icon>icon.png</icon>
			<fanart>fanart.jpg</fanart>
        </assets>
	</extension>
</addon>